{"environment": [], "features": [{"name": "User login functionality", "status": "passed", "duration": 8.445576906204224, "filename": "features/Aristocrat.feature", "scenarios": [{"line": 2, "name": "1 Successful login", "duration": 2.783895254135132, "status": "passed", "tags": [], "filename": "features/Aristocrat.feature", "feature": "User login functionality", "id_feature": 6751, "steps": [{"step_type": "given", "name": "I am on the Demo Login Page", "text": "None", "status": "passed", "duration": 2.2035748958587646, "hash": 45159432482789, "index": 0}, {"step_type": "when", "name": "I fill the account information for account standardUser into the Username field and Password field", "text": "None", "status": "passed", "duration": 0.2988409996032715, "hash": 44748274997692, "index": 1}, {"step_type": "when", "name": "I click the Login Button", "text": "None", "status": "passed", "duration": 0.08241748809814453, "hash": 23308807142733, "index": 2}, {"step_type": "then", "name": "I am redirected to the Demo Main Page", "text": "None", "status": "passed", "duration": 0.19002509117126465, "hash": 245353764248888, "index": 3}, {"step_type": "then", "name": "I Verify the App Logo exists", "text": "None", "status": "passed", "duration": 0.009036779403686523, "hash": 267548211109235, "index": 4}], "outline_index": 0, "background": {"duration": 0.0, "steps": []}, "error_msg": [], "error_lines": [], "error_step": null, "error_background": false, "id_hash": "a0e42f911847461091772a2ab7fd685a"}, {"line": 9, "name": "2 Failed Login", "duration": 2.414616584777832, "status": "passed", "tags": [], "filename": "features/Aristocrat.feature", "feature": "User login functionality", "id_feature": 6751, "steps": [{"step_type": "given", "name": "I am on the Demo Login Page", "text": "None", "status": "passed", "duration": 1.8728952407836914, "hash": 45159432482789, "index": 0}, {"step_type": "when", "name": "I fill the account information for account LockedOutUser into the Username field and Password field", "text": "None", "status": "passed", "duration": 0.3487999439239502, "hash": 126379506073079, "index": 1}, {"step_type": "when", "name": "I click the Login Button", "text": "None", "status": "passed", "duration": 0.08879256248474121, "hash": 23308807142733, "index": 2}, {"step_type": "then", "name": "I Verifiy the Error Message Contains the text \"Sorry, this user has been banned. \"", "text": "None", "status": "passed", "duration": 0.10412883758544922, "hash": 90731879160308, "index": 3}], "outline_index": 0, "background": {"duration": 0.0, "steps": []}, "error_msg": [], "error_lines": [], "error_step": null, "error_background": false, "id_hash": "4ec9886c9ce74cd0b9411f19df09b0be"}, {"line": 15, "name": "3 Extract Data *", "duration": 3.2470650672912598, "status": "passed", "tags": [], "filename": "features/Aristocrat.feature", "feature": "User login functionality", "id_feature": 6751, "steps": [{"step_type": "given", "name": "I am logged in", "text": "None", "status": "passed", "duration": 2.311336040496826, "hash": 259121275455944, "index": 0}, {"step_type": "when", "name": "I am on the inventory page", "text": "None", "status": "passed", "duration": 0.18503355979919434, "hash": 68073968645081, "index": 1}, {"step_type": "then", "name": "I extract content from the web page", "text": "None", "status": "passed", "duration": 0.008999347686767578, "hash": 168303073524584, "index": 2}, {"step_type": "then", "name": "Save it to a text file", "text": "None", "status": "passed", "duration": 0.0, "hash": 194472532399249, "index": 3}, {"step_type": "then", "name": "I log out", "text": "None", "status": "passed", "duration": 0.6714169979095459, "hash": 73623058102563, "index": 4}, {"step_type": "then", "name": "I verify I am on the Login page again", "text": "None", "status": "passed", "duration": 0.07027912139892578, "hash": 60239297623062, "index": 5}], "outline_index": 0, "background": {"duration": 0.0, "steps": []}, "error_msg": [], "error_lines": [], "error_step": null, "error_background": false, "id_hash": "09a9e7aac9d147d08adf50a5e3b013ff"}], "background": {}, "id": 6751}], "steps_definition": {"45159432482789": "I am on the Demo Login Page", "44748274997692": "I fill the account information for account standardUser into the Username field and Password field", "23308807142733": "I click the Login Button", "245353764248888": "I am redirected to the Demo Main Page", "267548211109235": "I Verify the App Logo exists", "126379506073079": "I fill the account information for account LockedOutUser into the Username field and Password field", "90731879160308": "I Verifiy the Error Message Contains the text \"Sorry, this user has been banned. \"", "259121275455944": "I am logged in", "68073968645081": "I am on the inventory page", "168303073524584": "I extract content from the web page", "194472532399249": "Save it to a text file", "73623058102563": "I log out", "60239297623062": "I verify I am on the Login page again"}}